{
  "name": "Alpha Willy",
  "vendorId": "4B44",
  "productId": "4157",
  "lighting": "none",
  "matrix": {
    "rows": 4,
    "cols": 10
  },
  "layouts": {
    "labels":[
      [
          "Bottom Left",
          "1.75u",
          "3.00u",
          "6.00u"
      ],
      [
          "Bottom Right",
          "1.75u",
          "3.00u",
          "6.00u"
      ]
    ],
    "keymap": [

            {
              "name": "Alpha Willy"
            },
            [
              "0,0",
              "0,1",
              "0,2",
              "0,3",
              "0,4",
              "0,5",
              "0,6",
              "0,7",
              "0,8",
              "0,9"
            ],
            [
              "1,0",
              "1,1",
              "1,2",
              "1,3",
              "1,4",
              "1,5",
              "1,6",
              "1,7",
              "1,8",
              "1,9"
            ],
            [
              {
                "w": 1.5
              },
              "2,0",
              "2,1",
              "2,2",
              "2,3",
              "2,4",
              "2,5",
              "2,6",
              "2,7",
              {
                "w": 1.5
              },
              "2,8"
            ],
            [
              {
                "x": 2,
                "w": 1.25
              },
              "3,1\n\n\n0,0",
              {
                "w": 1.75
              },
              "3,3\n\n\n0,0",
              {
                "w": 1.75
              },
              "3,4\n\n\n1,0",
              {
                "w": 1.25
              },
              "3,6\n\n\n1,0"
            ],
            [
              {
                "x": 2,
                "w": 3
              },
              "3,2\n\n\n0,1",
              {
                "w": 3
              },
              "3,5\n\n\n1,1"
            ],
            [
              {
                "x": 2,
                "w": 6
              },
              "3,4\n\n\n0,2",
              {
                "d": true
              },
              "3,5\n\n\n1,2"
            ]
    ]
  }
}
